Model,MAE,RMSE
RandomForest,0.6131077037037029,0.8748095936873399
HistGradientBoost,0.5938635674203732,0.8657048487304193
LinearRegression,0.164672360200545,0.2187809962997289
Ridge,0.4366443691625906,0.6557569946397489
KNeighbors,3.452712592592594,4.113909322296018
SVR,1.0036897089356123,1.448690772261675
Naive,0.7334444444444443,1.1110263856586076
